customerId,customerName,replayId,groupId,messageId,updateValue
cd1,customer1,1,cd1,msg01,1
cd1,customer1,2,cd1,msg02,2
cd1,customer1,3,cd1,msg03,3
cd1,customer1,4,cd1,msg04,4
cd1,customer1,5,cd1,msg05,5
cd1,customer1,6,cd1,msg06,6
cd1,customer1,7,cd1,msg07,7
cd1,customer1,8,cd1,msg08,8
cd1,customer1,9,cd1,msg09,9
cd1,customer1,10,cd1,msg10,10
cd1,customer1,11,cd1,msg11,11
cd1,customer1,12,cd1,msg12,12
cd1,customer1,13,cd1,msg13,13
cd1,customer1,14,cd1,msg14,14
cd1,customer1,15,cd1,msg15,15
cd1,customer1,16,cd1,msg16,16
cd1,customer1,17,cd1,msg17,17
cd1,customer1,18,cd1,msg18,18
cd1,customer1,19,cd1,msg19,19
cd1,customer1,20,cd1,msg20,20
cd1,customer1,21,cd1,msg21,21
cd1,customer1,22,cd1,msg22,22
cd1,customer1,23,cd1,msg23,23
cd1,customer1,24,cd1,msg24,24
cd1,customer1,25,cd1,msg25,25
cd1,customer1,26,cd1,msg26,26
cd1,customer1,27,cd1,msg27,27
cd1,customer1,28,cd1,msg28,28
cd1,customer1,29,cd1,msg29,29
cd1,customer1,30,cd1,msg30,30
cd1,customer1,31,cd1,msg31,31
cd1,customer1,32,cd1,msg32,32
cd1,customer1,33,cd1,msg33,33
cd1,customer1,34,cd1,msg34,34
cd1,customer1,35,cd1,msg35,35
cd1,customer1,36,cd1,msg36,36
cd1,customer1,37,cd1,msg37,37
cd1,customer1,38,cd1,msg38,38
cd1,customer1,39,cd1,msg39,39
cd1,customer1,40,cd1,msg40,40
cd1,customer1,41,cd1,msg41,41
cd1,customer1,42,cd1,msg42,42
cd1,customer1,43,cd1,msg43,43
cd1,customer1,44,cd1,msg44,44
cd1,customer1,45,cd1,msg45,45
cd1,customer1,46,cd1,msg46,46
cd1,customer1,47,cd1,msg47,47
cd1,customer1,48,cd1,msg48,48
cd1,customer1,49,cd1,msg49,49
cd1,customer1,50,cd1,msg50,50
